home;other_place;work;business;education;shop;authority;doctor;recreation;bringing;none
97.4422714067507263;2.5577285932492737;0.0;0.0;0.0;0.0;0.0;0.0;0.0;0.0;0.0000000000000000
0.77270957500973374465;6.6788463266345204;40.8967025068136213;3.7317679475276289;16.8169157506963371;16.4425409566024739;0.20066488963431070113;3.4741980891910509;4.8369223396927132;5.5048069723561652;0.64392464584144465422
70.0307469705190812;3.6956652800385844;3.3761379393500934;4.1659130644480617;2.2186049315729186;7.2406101163561826;0.15373485259540604088;0.87417857358172062459;3.0656538252848616;1.5192620727075421;3.65949237354554773453
13.8078848560700876;6.5988735919899875;6.2672090112640801;3.5294117647058824;1.9806007509386733;9.1551939924906133;0.09699624530663329161;1.16708385481852315394;9.2866082603254068;4.0112640801001252;44.09887359198998735445
58.4853912459420128;3.6773760214933393;2.1437367065935296;3.2128064480017911;0.71084741967983879996;4.3938206649501847;0.08955558043210567558;0.41419455949848874958;4.2203067278629800;3.2799731333258704;19.37199149221985887488
18.4588684484553974;4.8316556751128081;2.1381464769177369;3.0267268309614717;0.55536272127733425894;4.1443943075321069;0.01388406803193335647;0.51371051718153418952;7.3516140229087123;4.1999305796598403;54.76570635196112459507
47.4370779619398404;4.4352363413136894;1.6267648864333947;3.3763044812768570;0.42971147943523634131;2.8698588090853284;0.01534683855125844076;0.32228360957642725599;4.9109883364027010;4.0208717004297115;30.55555555555555556194
25.0607734806629834;3.3149171270718232;1.2817679558011050;2.5856353591160221;0.48618784530386740331;1.4585635359116022;0.0;0.13259668508287292818;4.8618784530386740;3.5359116022099448;57.28176795580110496851
